,0
Butter,방탄소년단
Next Level,aespa
Dun Dun Dance,오마이걸(OH MY GIRL)
안녕 (Hello),조이 (JOY)
헤픈 우연,헤이즈(Heize)
"Peaches (feat. Daniel Caesar, Giveon)",Justin Bieber(저스틴 비버)
ASAP,STAYC(스테이씨)
상상더하기,라붐(LABOUM)
롤린 (Rollin'),브레이브걸스(Brave Girls)
라일락,아이유(IU)
마.피.아. In the morning,ITZY (있지)
I Love U,성시경
운전만해 (We Ride),브레이브걸스(Brave Girls)
좋을텐데 (If Only) (Feat. 폴킴),조이 (JOY)
Je T′aime,조이 (JOY)
Dynamite,방탄소년단
Celebrity,아이유(IU)
Off My Face,Justin Bieber(저스틴 비버)
Kiss Me More (feat. SZA),Doja Cat(도자 캣)
Happy Birthday To You,조이 (JOY)
Timeless,SG워너비
체념,"정상동기 (김정수, 정기석, 이동휘, 이상이)"
Coin,아이유(IU)
Day By Day,조이 (JOY)
그럴때마다 (Be There For You),조이 (JOY)
Savage Love (Laxed - Siren Beat) (BTS Remix),Jawsh 685
WE GO,프로미스나인
parachute,John K
처음처럼 (Feat. 개리),헤이즈(Heize)
어푸 (Ah puh),아이유(IU)
내 손을 잡아,아이유(IU)
라라라,SG워너비
Where Are We Now,마마무(Mamamoo)
너를 사랑했던 시간,성시경
"사이렌 Remix (Feat. UNEDUCATED KID, Paul Blanco)",호미들
내사람: Partner For Life,SG워너비
서울의 잠 못 이루는 밤 (Feat. 이수현),10CM
Dolphin,오마이걸(OH MY GIRL)
감기 (Feat. 창모),헤이즈(Heize)
작은 것들을 위한 시 (Boy With Luv) (Feat. Halsey),방탄소년단
Leave The Door Open,Bruno Mars(브루노 마스)
Beautiful Mistakes,Maroon 5(마룬 파이브)
미안해 널 사랑해 (Feat. 김필),헤이즈(Heize)
맛 (Hot Sauce),NCT DREAM
Save,NCT 127
Life Goes On,방탄소년단
Black Mamba,aespa
Blueming,아이유(IU)
On The Ground,로제(ROSÉ)
만약에,"M.O.M (별루지, 강창모, 박재정, 원슈타인)"
2002,Anne-Marie(앤 마리)
우리 한 때 사랑한 건,성시경
멜로디,ASH ISLAND
"LOVE DAY (2021) (바른연애 길잡이 X 양요섭, 정은지)",양요섭
에잇(Prod.&Feat. SUGA of BTS),아이유(IU)
If You Love Me (Feat. 주헌 (몬스타엑스)),NS Yoon-G
그냥 안아달란 말야,다비치
Lovesick Girls,BLACKPINK
이음새,성시경
이제 나만 믿어요,임영웅
At My Worst,Pink Sweat$
살다가,SG워너비
"어떻게 이별까지 사랑하겠어, 널 사랑하는 거지",AKMU (악동뮤지션)
Loving You Girl (feat. Hkeem),Peder Elias
흔들리는 꽃들 속에서 네 샴푸향이 느껴진거야,장범준
Like 1999,Valley
마음을 담아,성시경
신호등,이무진
And we go,성시경
너의 발걸음에 빛을 비춰줄게 (Prod. 조영수),케이시
고래 (Dive Into You),NCT DREAM
잠이 오질 않네요,장범준
나랑 같이 걸을래 (바른연애 길잡이 X 적재),적재
살짝 설렜어 (Nonstop),오마이걸(OH MY GIRL)
듣고있나요 (Prod.조영수),케이시
나의 밤 나의 너,성시경
영영,포맨 (4MEN)
WHAT A FEELING,성시경
밝게 빛나는 별이 되어 비춰줄게,송이한
닫힌엔딩 (Closed Ending),숀(SHAUN)
밤하늘의 별을(2020),경서
영원히,성시경
빗물에게 들으니 (Feat. 안예은),헤이즈(Heize)
첫 겨울이니까,성시경
자장가,성시경
"모든 날, 모든 순간 (Every day, Every Moment)",폴킴(Paul Kim)
취기를 빌려 (취향저격 그녀 X 산들),산들
Memories,Maroon 5(마룬 파이브)
아이와 나의 바다,아이유(IU)
12:45 (Stripped),Etham
0X1=LOVESONG (I Know I Love You) feat. Seori,투모로우바이투게더
꽃이 예뻐봤자 뭐해,신용재 (2F)
밤편지,아이유(IU)
서른 밤째 (바른연애 길잡이 X 윤하 (YOUNHA)),윤하(Younha/ユンナ)
별빛 같은 나의 사랑아,임영웅
When We Disco (Duet with 선미),박진영
Paris In The Rain,Lauv(라우브)
하이힐,브레이브걸스(Brave Girls)
Why,헤이즈(Heize)
